"Source:","C:\Users\David Palma\Documents\GitHub\davidpalma666\Miniscope-v4-Wire-Free-FORK\Miniscope-v4-Wire-Free-KiCad\KiCad\Miniscope-v4-Wire-Free\Miniscope-v4-Wire-Free.kicad_sch"
"Date:","18/07/2024 17:03:12"
"Tool:","Eeschema (6.0.11)"
"Generator:","C:\Program Files\KiCad\6.0\bin\scripting\plugins/bom_csv_grouped_by_value.py"
"Component Count:","115"

"Individual Components:"

"Item","Qty","Reference(s)","Value","LibPart","Footprint","Datasheet","Allied Price/Stock","Allied_Number","Description","MPN","Manufacturer_Name","Manufacturer_Part_Number","Mouser Part Number","Mouser Price/Stock","OEPS PN","RS Part Number","RS Price/Stock"
"","","C1","10uF","Miniscope-v4-Wire-Free-rescue:C_Small-.Device",".Capacitor:C_0402_1005Metric_L","","","","SMD CER 0402 10uF 10V ±20% X5R (OEPS M01 014)","CL05A106MP5NUNC","","","","","OEPS010038","",""
"","","C2","10uF","Miniscope-v4-Wire-Free-rescue:C_Small-.Device",".Capacitor:C_0402_1005Metric_L","","","","SMD CER 0402 10uF 10V ±20% X5R (OEPS M01 014)","CL05A106MP5NUNC","","","","","OEPS010038","",""
"","","C3","10pF","Miniscope-v4-Wire-Free-rescue:C_Small-.Device",".Capacitor:C_0201_0603Metric_L","","","","SMD CER 0201 10pF 50V ±5% C0G","GRM0335C1H100JA01J","","","","","OEPS010060","",""
"","","C4","10pF","Miniscope-v4-Wire-Free-rescue:C_Small-.Device",".Capacitor:C_0201_0603Metric_L","","","","SMD CER 0201 10pF 50V ±5% C0G","GRM0335C1H100JA01J","","","","","OEPS010060","",""
"","","C5","2.2uF","Miniscope-v4-Wire-Free-rescue:C_Small-.Device",".Capacitor:C_0201_0603Metric_L","","","","SMD CER 0201 2.2uF 10V ±20% X5R (OEPS J05 004A)","CM03X5R225M10AH","","","","","OEPS010042","",""
"","","C6","10uF","Miniscope-v4-Wire-Free-rescue:C_Small-.Device",".Capacitor:C_0402_1005Metric_L","","","","SMD CER 0402 10uF 10V ±20% X5R (OEPS M01 014)","CL05A106MP5NUNC","","","","","OEPS010038","",""
"","","C7","10uF","Miniscope-v4-Wire-Free-rescue:C_Small-.Device",".Capacitor:C_0402_1005Metric_L","","","","SMD CER 0402 10uF 10V ±20% X5R (OEPS M01 014)","CL05A106MP5NUNC","","","","","OEPS010038","",""
"","","C9","0.1uF","Miniscope-v4-Wire-Free-rescue:C_Small-.Device",".Capacitor:C_0201_0603Metric_L","","","","SMD CER 0201 100nF 25V ±10% X5R (OEPS M01 007)","GRM033R61E104KE14J","","","","","OEPS010035","",""
"","","C10","0.1uF","Miniscope-v4-Wire-Free-rescue:C_Small-.Device",".Capacitor:C_0201_0603Metric_L","","","","SMD CER 0201 100nF 25V ±10% X5R (OEPS M01 007)","GRM033R61E104KE14J","","","","","OEPS010035","",""
"","","C11","2.2uF","Miniscope-v4-Wire-Free-rescue:C_Small-.Device",".Capacitor:C_0201_0603Metric_L","","","","SMD CER 0201 2.2uF 10V ±20% X5R (OEPS J05 004A)","CM03X5R225M10AH","","","","","OEPS010042","",""
"","","C12","2.2uF","Miniscope-v4-Wire-Free-rescue:C_Small-.Device",".Capacitor:C_0201_0603Metric_L","","","","SMD CER 0201 2.2uF 10V ±20% X5R (OEPS J05 004A)","CM03X5R225M10AH","","","","","OEPS010042","",""
"","","C13","2.2uF","Miniscope-v4-Wire-Free-rescue:C_Small-.Device",".Capacitor:C_0201_0603Metric_L","","","","SMD CER 0201 2.2uF 10V ±20% X5R (OEPS J05 004A)","CM03X5R225M10AH","","","","","OEPS010042","",""
"","","C14","1uF","Miniscope-v4-Wire-Free-rescue:C_Small-.Device",".Capacitor:C_0201_0603Metric_L","","","","SMD CER 0201 1uF 16V ±20% X5R (OEPS M01 009)","CL03A105MO3NRNH","","","","","OEPS010036","",""
"","","C15","2.2uF","Miniscope-v4-Wire-Free-rescue:C_Small-.Device",".Capacitor:C_0201_0603Metric_L","","","","SMD CER 0201 2.2uF 10V ±20% X5R (OEPS J05 004A)","CM03X5R225M10AH","","","","","OEPS010042","",""
"","","C16","4.7nF 100V","Miniscope-v4-Wire-Free-rescue:C_Small-.Device",".Capacitor:C_0603_1608Metric_L","","","","SMD CER 0603 4.7nF 100V ±10% X7R","885012206112","","","","","OEPS010014","",""
"","","C17","4.7uF","Miniscope-v4-Wire-Free-rescue:C_Small-.Device",".Capacitor:C_0201_0603Metric_L","","","","SMD CER 0201 4.7UF 6.3V ±20%  X5R","GRM035R60J475ME15D","","","","","OEPS010065","",""
"","","C18","22pF","Miniscope-v4-Wire-Free-rescue:C_Small-.Device",".Capacitor:C_0201_0603Metric_L","","","","SMD CER 0201 27pF 50V ±2% C0G, NP0","GRM0335C1H270GA01D","","","","","OEPS010029","",""
"","","C19","0.1uF","Miniscope-v4-Wire-Free-rescue:C_Small-.Device",".Capacitor:C_0201_0603Metric_L","","","","SMD CER 0201 100nF 25V ±10% X5R (OEPS M01 007)","GRM033R61E104KE14J","","","","","OEPS010035","",""
"","","C20","22pF","Miniscope-v4-Wire-Free-rescue:C_Small-.Device",".Capacitor:C_0201_0603Metric_L","","","","SMD CER 0201 27pF 50V ±2% C0G, NP0","GRM0335C1H270GA01D","","","","","OEPS010029","",""
"","","C22","0.1uF","Miniscope-v4-Wire-Free-rescue:C_Small-.Device",".Capacitor:C_0201_0603Metric_L","","","","SMD CER 0201 100nF 25V ±10% X5R (OEPS M01 007)","GRM033R61E104KE14J","","","","","OEPS010035","",""
"","","C23","0.1uF","Miniscope-v4-Wire-Free-rescue:C_Small-.Device",".Capacitor:C_0201_0603Metric_L","","","","SMD CER 0201 100nF 25V ±10% X5R (OEPS M01 007)","GRM033R61E104KE14J","","","","","OEPS010035","",""
"","","C24","0.1uF","Miniscope-v4-Wire-Free-rescue:C_Small-.Device",".Capacitor:C_0201_0603Metric_L","","","","SMD CER 0201 100nF 25V ±10% X5R (OEPS M01 007)","GRM033R61E104KE14J","","","","","OEPS010035","",""
"","","C25","0.1uF","Miniscope-v4-Wire-Free-rescue:C_Small-.Device",".Capacitor:C_0201_0603Metric_L","","","","SMD CER 0201 100nF 25V ±10% X5R (OEPS M01 007)","GRM033R61E104KE14J","","","","","OEPS010035","",""
"","","C26","10uF","Miniscope-v4-Wire-Free-rescue:C_Small-.Device",".Capacitor:C_0402_1005Metric_L","","","","SMD CER 0402 10uF 10V ±20% X5R (OEPS M01 014)","CL05A106MP5NUNC","","","","","OEPS010038","",""
"","","C27","0.1uF","Miniscope-v4-Wire-Free-rescue:C_Small-.Device",".Capacitor:C_0201_0603Metric_L","","","","SMD CER 0201 100nF 25V ±10% X5R (OEPS M01 007)","GRM033R61E104KE14J","","","","","OEPS010035","",""
"","","C28","0.1uF","Miniscope-v4-Wire-Free-rescue:C_Small-.Device",".Capacitor:C_0201_0603Metric_L","","","","SMD CER 0201 100nF 25V ±10% X5R (OEPS M01 007)","GRM033R61E104KE14J","","","","","OEPS010035","",""
"","","C29","4.7uF","Miniscope-v4-Wire-Free-rescue:C_Small-.Device",".Capacitor:C_0201_0603Metric_L","","","","SMD CER 0201 4.7UF 6.3V ±20%  X5R","GRM035R60J475ME15D","","","","","OEPS010065","",""
"","","C30","0.1uF","Miniscope-v4-Wire-Free-rescue:C_Small-.Device",".Capacitor:C_0201_0603Metric_L","","","","SMD CER 0201 100nF 25V ±10% X5R (OEPS M01 007)","GRM033R61E104KE14J","","","","","OEPS010035","",""
"","","C35","10uF","Miniscope-v4-Wire-Free-rescue:C_Small-.Device",".Capacitor:C_0402_1005Metric_L","","","","SMD CER 0402 10uF 10V ±20% X5R (OEPS M01 014)","CL05A106MP5NUNC","","","","","OEPS010038","",""
"","","C36","4.7uF","Miniscope-v4-Wire-Free-rescue:C_Small-.Device",".Capacitor:C_0201_0603Metric_L","","","","SMD CER 0201 4.7UF 6.3V ±20%  X5R","GRM035R60J475ME15D","","","","","OEPS010065","",""
"","","C37","1uF","Miniscope-v4-Wire-Free-rescue:C_Small-.Device",".Capacitor:C_0201_0603Metric_L","","","","SMD CER 0201 1uF 16V ±20% X5R (OEPS M01 009)","CL03A105MO3NRNH","","","","","OEPS010036","",""
"","","C38","0.1uF","Miniscope-v4-Wire-Free-rescue:C_Small-.Device",".Capacitor:C_0201_0603Metric_L","","","","SMD CER 0201 100nF 25V ±10% X5R (OEPS M01 007)","GRM033R61E104KE14J","","","","","OEPS010035","",""
"","","C40","0.1uF","Miniscope-v4-Wire-Free-rescue:C_Small-.Device",".Capacitor:C_0201_0603Metric_L","","","","SMD CER 0201 100nF 25V ±10% X5R (OEPS M01 007)","GRM033R61E104KE14J","","","","","OEPS010035","",""
"","","C41","0.1uF","Miniscope-v4-Wire-Free-rescue:C_Small-.Device",".Capacitor:C_0201_0603Metric_L","","","","SMD CER 0201 100nF 25V ±10% X5R (OEPS M01 007)","GRM033R61E104KE14J","","","","","OEPS010035","",""
"","","C42","0.1uF","Miniscope-v4-Wire-Free-rescue:C_Small-.Device",".Capacitor:C_0201_0603Metric_L","","","","SMD CER 0201 100nF 25V ±10% X5R (OEPS M01 007)","GRM033R61E104KE14J","","","","","OEPS010035","",""
"","","C43","0.1uF","Miniscope-v4-Wire-Free-rescue:C_Small-.Device",".Capacitor:C_0201_0603Metric_L","","","","SMD CER 0201 100nF 25V ±10% X5R (OEPS M01 007)","GRM033R61E104KE14J","","","","","OEPS010035","",""
"","","C44","0.1uF","Miniscope-v4-Wire-Free-rescue:C_Small-.Device",".Capacitor:C_0201_0603Metric_L","","","","SMD CER 0201 100nF 25V ±10% X5R (OEPS M01 007)","GRM033R61E104KE14J","","","","","OEPS010035","",""
"","","C45","0.1uF","Miniscope-v4-Wire-Free-rescue:C_Small-.Device",".Capacitor:C_0201_0603Metric_L","","","","SMD CER 0201 100nF 25V ±10% X5R (OEPS M01 007)","GRM033R61E104KE14J","","","","","OEPS010035","",""
"","","C46","0.1uF","Miniscope-v4-Wire-Free-rescue:C_Small-.Device",".Capacitor:C_0201_0603Metric_L","","","","SMD CER 0201 100nF 25V ±10% X5R (OEPS M01 007)","GRM033R61E104KE14J","","","","","OEPS010035","",""
"","","C47","0.1uF","Miniscope-v4-Wire-Free-rescue:C_Small-.Device",".Capacitor:C_0201_0603Metric_L","","","","SMD CER 0201 100nF 25V ±10% X5R (OEPS M01 007)","GRM033R61E104KE14J","","","","","OEPS010035","",""
"","","C48","0.1uF","Miniscope-v4-Wire-Free-rescue:C_Small-.Device",".Capacitor:C_0201_0603Metric_L","","","","SMD CER 0201 100nF 25V ±10% X5R (OEPS M01 007)","GRM033R61E104KE14J","","","","","OEPS010035","",""
"","","C49","0.1uF","Miniscope-v4-Wire-Free-rescue:C_Small-.Device",".Capacitor:C_0201_0603Metric_L","","","","SMD CER 0201 100nF 25V ±10% X5R (OEPS M01 007)","GRM033R61E104KE14J","","","","","OEPS010035","",""
"","","C50","10uF","Miniscope-v4-Wire-Free-rescue:C_Small-.Device",".Capacitor:C_0402_1005Metric_L","","","","SMD CER 0402 10uF 10V ±20% X5R (OEPS M01 014)","CL05A106MP5NUNC","","","","","OEPS010038","",""
"","","C51","10uF","Miniscope-v4-Wire-Free-rescue:C_Small-.Device",".Capacitor:C_0402_1005Metric_L","","","","SMD CER 0402 10uF 10V ±20% X5R (OEPS M01 014)","CL05A106MP5NUNC","","","","","OEPS010038","",""
"","","C52","10uF","Miniscope-v4-Wire-Free-rescue:C_Small-.Device",".Capacitor:C_0402_1005Metric_L","","","","SMD CER 0402 10uF 10V ±20% X5R (OEPS M01 014)","CL05A106MP5NUNC","","","","","OEPS010038","",""
"","","C53","0.1uF","Miniscope-v4-Wire-Free-rescue:C_Small-.Device",".Capacitor:C_0201_0603Metric_L","","","","SMD CER 0201 100nF 25V ±10% X5R (OEPS M01 007)","GRM033R61E104KE14J","","","","","OEPS010035","",""
"","","D1","LXZ1-PR01","Miniscope-v4-Wire-Free-rescue:LXZ1-PR01-.LED",".LED:LED_LXZ1_PR01_L","https://www.lumileds.com/uploads/415/DS105-pdf","","","LED SMD Blue 450nm 500mA (OEPS J05 012)","LXZ1-PR01","","","","","OEPS030021","",""
"","","D2","LTST-C191KEKT","Miniscope-v4-Wire-Free-rescue:LED_Small_ALT-.Device",".LED:LED_SC80X160X65L40L","","","","LED SMD Red 624nm 20mA","LTST-C191KEKT","","","","","OEPS030029","",""
"","","D3","LTST-C191KEKT","Miniscope-v4-Wire-Free-rescue:LED_Small_ALT-.Device",".LED:LED_SC80X160X65L40L","","","","LED SMD Red 624nm 20mA","LTST-C191KEKT","","","","","OEPS030029","",""
"","","J1","0475710001","Miniscope-v4-Wire-Free-rescue:0475710001-.Connector",".Connector:0475710001","https://www.molex.com/pdm_docs/sd/475710001_sd.pdf","","","CONN MICRO SD CARD PUSH-PULL R/A","0475710001","","","","","OEPS070078","",""
"","","J2","DNP","Connector_Generic:Conn_01x04",".Connector:1x4_USB","~","","","n.a.","n.a.","","","","","n.a.","",""
"","","J3","Conn_01x04","Connector_Generic:Conn_01x04",".Connector:FH19C-4S-0.5SH(10)","~","","","CONN FFC BOTTOM 4POS 0.5MM R/A","FH19C-4S-0.5SH(10)","","","","","OEPS070077","",""
"","","J4","DNP","Connector_Generic:Conn_01x01",".Connector:Conn_1x1_700_Circular_Pad","~","","","n.a.","n.a.","","","","","n.a.","",""
"","","J5","DNP","Connector_Generic:Conn_01x01",".Connector:Conn_1x1_700_Circular_Pad","~","","","n.a.","n.a.","","","","","n.a.","",""
"","","J6","DNP","Connector_Generic:Conn_01x01",".Connector:Conn_1x1_700_Circular_Pad","~","","","n.a.","n.a.","","","","","n.a.","",""
"","","J7","DNP","Connector_Generic:Conn_01x01",".Connector:Conn_1x1_700_Circular_Pad","~","","","n.a.","n.a.","","","","","n.a.","",""
"","","J8","DNP","Connector_Generic:Conn_01x01",".Connector:Conn_1x1_700_Circular_Pad","~","","","n.a.","n.a.","","","","","n.a.","",""
"","","J9","DNP","Connector_Generic:Conn_01x01",".Connector:Conn_1x1_700_Circular_Pad","~","","","n.a.","n.a.","","","","","n.a.","",""
"","","J10","DNP","Connector_Generic:Conn_01x01",".Connector:Conn_1x1_700_Circular_Pad","~","","","n.a.","n.a.","","","","","n.a.","",""
"","","J11","DNP","Connector_Generic:Conn_01x01",".Connector:Conn_1x1_700_Circular_Pad","~","","","n.a.","n.a.","","","","","n.a.","",""
"","","J12","DNP","Connector_Generic:Conn_01x01",".Connector:Conn_1x1_700_Circular_Pad","~","","","n.a.","n.a.","","","","","n.a.","",""
"","","J14","DNP","Connector_Generic:Conn_01x01",".Connector:Conn_1x1_700_Circular_Pad","~","","","n.a.","n.a.","","","","","n.a.","",""
"","","J15","DNP","Connector_Generic:Conn_01x01",".Connector:Conn_1x1_700_Circular_Pad","~","","","n.a.","n.a.","","","","","n.a.","",""
"","","J16","DNP","Connector_Generic:Conn_01x01",".Connector:Conn_1x1_700_Circular_Pad","~","","","n.a.","n.a.","","","","","n.a.","",""
"","","J17","DNP","Connector_Generic:Conn_01x01",".Connector:Conn_1x1_700_Circular_Pad","~","","","n.a.","n.a.","","","","","n.a.","",""
"","","J18","DNP","Connector_Generic:Conn_01x01",".Connector:Conn_1x1_700_Circular_Pad","~","","","n.a.","n.a.","","","","","n.a.","",""
"","","J19","DNP","Connector_Generic:Conn_01x01",".Connector:Conn_1x1_700_Circular_Pad","~","","","n.a.","n.a.","","","","","n.a.","",""
"","","J20","DNP","Connector_Generic:Conn_01x01",".Connector:Conn_1x1_700_Circular_Pad","~","","","n.a.","n.a.","","","","","n.a.","",""
"","","J21","DNP","Connector_Generic:Conn_01x01",".Connector:Conn_1x1_700_Circular_Pad","~","","","n.a.","n.a.","","","","","n.a.","",""
"","","J22","DNP","Connector_Generic:Conn_01x01",".Connector:Conn_1x1_700_Circular_Pad","~","","","n.a.","n.a.","","","","","n.a.","",""
"","","J23","DNP","Connector_Generic:Conn_01x01",".Connector:Conn_1x1_700_Circular_Pad","~","","","n.a.","n.a.","","","","","n.a.","",""
"","","J24","DNP","Connector_Generic:Conn_01x01",".Connector:Conn_1x1_700_Circular_Pad","~","","","n.a.","n.a.","","","","","n.a.","",""
"","","J25","DNP","Connector_Generic:Conn_01x01",".Connector:Conn_1x1_700_Circular_Pad","~","","","n.a.","n.a.","","","","","n.a.","",""
"","","J26","DNP","Connector_Generic:Conn_01x01",".Connector:Conn_1x1_700_Circular_Pad","~","","","n.a.","n.a.","","","","","n.a.","",""
"","","J27","DNP","Connector_Generic:Conn_01x01",".Connector:Conn_1x1_700_Circular_Pad","~","","","n.a.","n.a.","","","","","n.a.","",""
"","","L1","10uH","Miniscope-v4-Wire-Free-rescue:L_Small-.Device",".Capacitor:C_0805_2012Metric_L","","","","FIXED IND 10UH 300MA 600mOHM SMD","MLZ1608N100LT000","","","","","OEPS040021","",""
"","","L2","4.7uH","Miniscope-v4-Wire-Free-rescue:L_Small-.Device",".Capacitor:C_0805_2012Metric_L","","","","FIXED INDUCTOR SMD 4.7uH 700mA 338mΩ","MLP2012S4R7MT0S1","","","","","OEPS040022","",""
"","","L3","BLM18PG471SN1D","Miniscope-v4-Wire-Free-rescue:L_Small-.Device",".Inductor:L_0603_1608Metric_L","","","","FERRITE BEAD SMD 470Ω 1A 200mΩ (OEPS J05 017)","BLM18PG471SN1D","","","","","OEPS040014","",""
"","","L4","BLM18PG471SN1D","Miniscope-v4-Wire-Free-rescue:L_Small-.Device",".Inductor:L_0603_1608Metric_L","","","","FERRITE BEAD SMD 470Ω 1A 200mΩ (OEPS J05 017)","BLM18PG471SN1D","","","","","OEPS040014","",""
"","","L5","10uH","Miniscope-v4-Wire-Free-rescue:L_Small-.Device",".Capacitor:C_0805_2012Metric_L","","","","FIXED IND 10UH 300MA 600mOHM SMD","MLZ1608N100LT000","","","","","OEPS040021","",""
"","","Q1","NTK3134NT1G","Miniscope-v4-Wire-Free-rescue:NTK3134NT1G-.Transistor",".Transistor:TRXSOFL3P40_120X120X55L29X21L","","http://www.alliedelec.com/on-semiconductor-ntk3134nt1g/70341343/","70341343","MOSFET N-CH 20V 750mA","NTK3134NT1G","ON Semiconductor","NTK3134NT1G","863-NTK3134NT1G","https://www.mouser.com/Search/Refine.aspx?Keyword=863-NTK3134NT1G","OEPS060015","7800649P","http://uk.rs-online.com/web/p/products/7800649P"
"","","Q2","MMBT3904LP-7B","Miniscope-v4-Wire-Free-rescue:MMBT3904LP-7B-.Transistor",".Transistor:TRXDFN3_101X61X53L25X15N","https://www.diodes.com/assets/Datasheets/ds31835.pdf","","","BJT NPN 40V 0.2A (OEPS J05 019)","MMBT3904LP-7B","","","","","OEPS060014","",""
"","","R1","24.9k","Miniscope-v4-Wire-Free-rescue:R_Small_US-.Device",".Resistor:R_0201_0603Metric_ERJ_L","","","","SMD 0201 24.9kΩ ±1% 0.050W","CRCW020124K9FNED","","","","","OEPS020105","",""
"","","R2","1K8","Miniscope-v4-Wire-Free-rescue:R_Small_US-.Device",".Resistor:R_0201_0603Metric_ERJ_L","","","","SMD 0201 1.8kΩ ±1% 0.050W (OEPS J05 024)","ERJ-1GNF1801C","","","","","OEPS020074","",""
"","","R3","1.27M","Miniscope-v4-Wire-Free-rescue:R_Small_US-.Device",".Resistor:R_0201_0603Metric_ERJ_L","","","","SMD 0201 1.27MΩ ±1% 0.050W","CRCW02011M27FNED","","","","","OEPS020106","",""
"","","R4","2.05M","Miniscope-v4-Wire-Free-rescue:R_Small_US-.Device",".Resistor:R_0201_0603Metric_ERJ_L","","","","SMD 0201 2.05MΩ ±1% 0.050W","CRCW02012M05FNED","","","","","OEPS020107","",""
"","","R5","1M","Miniscope-v4-Wire-Free-rescue:R_Small_US-.Device",".Resistor:R_0201_0603Metric_ERJ_L","","","","SMD 0201 1MΩ ±1% 0.050W","CRCW02011M00FNED","","","","","OEPS020108","",""
"","","R6","649k","Miniscope-v4-Wire-Free-rescue:R_Small_US-.Device",".Resistor:R_0201_0603Metric_ERJ_L","","","","SMD 0201 649kΩ ±1% 0.050W","RC0201FR-07649KL","","","","","OEPS020109","",""
"","","R7","2.2k","Miniscope-v4-Wire-Free-rescue:R_Small_US-.Device",".Resistor:R_0201_0603Metric_ERJ_L","","","","SMD 0201 2.2kΩ ±1% 0.050W","RC0201FR-072K2L","","","","","OEPS020110","",""
"","","R8","2.2k","Miniscope-v4-Wire-Free-rescue:R_Small_US-.Device",".Resistor:R_0201_0603Metric_ERJ_L","","","","SMD 0201 2.2kΩ ±1% 0.050W","RC0201FR-072K2L","","","","","OEPS020110","",""
"","","R9","8.2k","Miniscope-v4-Wire-Free-rescue:R_Small_US-.Device",".Resistor:R_0201_0603Metric_ERJ_L","","","","SMD 0201 8.2kΩ ±1% 0.050W","ERJ-1GNF8201C","","","","","OEPS020111","",""
"","","R10","2K","Miniscope-v4-Wire-Free-rescue:R_Small_US-.Device",".Resistor:R_0201_0603Metric_ERJ_L","","","","SMD 0201 2kΩ ±1% 0.050W (OEPS Q20 006, OEPS M01 021)","RC0201FR-072KL","","","","","OEPS020067","",""
"","","R11","1K","Miniscope-v4-Wire-Free-rescue:R_Small_US-.Device",".Resistor:R_0201_0603Metric_ERJ_L","","","","SMD 0201 1kΩ ±1% 0.050W (OEPS Q20 008)","RC0201FR-071KL","","","","","OEPS020065","",""
"","","R12","DNP","Miniscope-v4-Wire-Free-rescue:R_Small_US-.Device",".Resistor:R_0201_0603Metric_ERJ_L","","","","n.a.","n.a.","","","","","n.a.","",""
"","","R13","402k","Miniscope-v4-Wire-Free-rescue:R_Small_US-.Device",".Resistor:R_0201_0603Metric_ERJ_L","","","","SMD 0201 402kΩ ±1% 0.050W","ERJ-1GNF4023C","","","","","OEPS020112","",""
"","","R14","100K","Miniscope-v4-Wire-Free-rescue:R_Small_US-.Device",".Resistor:R_0201_0603Metric_ERJ_L","","","","SMD 0201 100kΩ ±1% 0.050W (OEPS J05 022)","ERJ-1GNF1003C","","","","","OEPS020072","",""
"","","R15","37.4k","Miniscope-v4-Wire-Free-rescue:R_Small_US-.Device",".Resistor:R_0201_0603Metric_ERJ_L","","","","SMD 0201 37.4kΩ ±1% 0.050W","ERJ-1GNF3742C","","","","","OEPS020113","",""
"","","R16","100K","Miniscope-v4-Wire-Free-rescue:R_Small_US-.Device",".Resistor:R_0201_0603Metric_ERJ_L","","","","SMD 0201 100kΩ ±1% 0.050W (OEPS J05 022)","ERJ-1GNF1003C","","","","","OEPS020072","",""
"","","R17","24.9k","Miniscope-v4-Wire-Free-rescue:R_Small_US-.Device",".Resistor:R_0201_0603Metric_ERJ_L","","","","SMD 0201 24.9kΩ ±1% 0.050W","CRCW020124K9FNED","","","","","OEPS020105","",""
"","","R18","1k8","Miniscope-v4-Wire-Free-rescue:R_Small_US-.Device",".Resistor:R_0201_0603Metric_ERJ_L","","","","SMD 0201 1.8kΩ ±1% 0.050W","ERJ-1GNF1801C","","","","","OEPS020114","",""
"","","R19","1K","Miniscope-v4-Wire-Free-rescue:R_Small_US-.Device",".Resistor:R_0201_0603Metric_ERJ_L","","","","SMD 0201 1kΩ ±1% 0.050W (OEPS Q20 008)","RC0201FR-071KL","","","","","OEPS020065","",""
"","","R20","100K","Miniscope-v4-Wire-Free-rescue:R_Small_US-.Device",".Resistor:R_0201_0603Metric_ERJ_L","","","","SMD 0201 100kΩ ±1% 0.050W (OEPS J05 022)","ERJ-1GNF1003C","","","","","OEPS020072","",""
"","","R21","10K","Miniscope-v4-Wire-Free-rescue:R_Small_US-.Device","Custom:R_0201_0603Metric_ERJ_L","","","","SMD 0201 10kΩ ±1% 0.050W (OEPS J05 021)","ERJ-1GNF1002C","","","","","OEPS020071","",""
"","","R22","47k5","Miniscope-v4-Wire-Free-rescue:R_Small_US-.Device","Custom:R_0201_0603Metric_ERJ_L","","","","SMD 0201 47.5kΩ ±1% 0.050W (OEPS J05 025)","ERJ-1GNF4752C","","","","","OEPS020075","",""
"","","SW1","TL3780AF330QG","Switch:SW_Push",".Switch:SMD-Switch-3mmx2mm","~","","","SWITCH TACTILE SPST-NO 0.05A 12V","TL3780AF330QG","","","","","OEPS100050","",""
"","","U1","LTC3554","Miniscope-v4-Wire-Free-rescue:LTC3554-.Regulator_Switching","Package_DFN_QFN:QFN-20-1EP_3x3mm_P0.4mm_EP1.65x1.65mm","https://www.analog.com/media/en/technical-documentation/data-sheets/355412ff.pdf","","","USB POWER MANAGER","LTC3554EUD#PBF","","","","","OEPS080113","",""
"","","U2","HV892","Miniscope-v4-Wire-Free-rescue:HV892-.Driver_ETL",".Package_SON:SON11P65_400X400X80L40X30T315X255L","","","","LED DRIVER LENS","HV892K7-G","","","","","OEPS080111","",""
"","","U3","LTC3218","Miniscope-v4-Wire-Free-rescue:LTC3218-.Driver_LED",".Package_SON:SON_11_P50_300X200X80L40X25T239X64L","http://www.linear.com/docs/19518","","","LED Driver 150mA (OEPS J1 022)","LTC3218EDDB#TRMPBF","","","","","OEPS080069","",""
"","","U4","MAX13030EEBE+T","Miniscope-v4-Wire-Free-rescue:MAX13030EETE+BGA-.Logic_Level_Translator","Package_BGA:BGA-16_1.92x1.92mm_Layout4x4_P0.5mm","https://datasheets.maximintegrated.com/en/ds/MAX13030E-MAX13035E.pdf","","","IC TRANSLTR BIDIRECTIONAL 16UCSP","MAX13030EEBE+T","","","","","OEPS080114","",""
"","","U5","TSOP57438TT1","Miniscope-v4-Wire-Free-rescue:TSOP57438TT1-.IR_Receiver",".Package_SON:SON_4_P300_395X395X90L55X35L","","","","IR Receiver Sensor 38.0kHz 40m Surface Mount","TSOP57438TT1","","","","","OEPS J1 008","",""
"","","U6","ATSAMD51J20A","Miniscope-v4-Wire-Free-rescue:ATSAMD51J20A-UUT-EFP-.SAMD51",".Package_BGA:ATSAMD51J20A-UUT-EFP","","","","MCU 120MHZ 1024KB FLASH 64","ATSAMD51J20A-UUT-EFP","","","","","OEPS080115","",""
"","","U7","NCP163AMX330TBG","Miniscope-v4-Wire-Free-rescue:MCP1711-.Regulator_Linear",".Package_QFN:UQFN_MCP1711","http://ww1.microchip.com/downloads/en/DeviceDoc/20005415D.pdf","","","LDO 3.3V 250mA (OEPS Z00 004)","NCP163AMX330TBG","","","","","OEPS080076","",""
"","","U8","NOIP1SP0480A-STI","Miniscope-v4-Wire-Free-rescue:NOIP1SN0480A-.Image_Sensor",".Package_BGA:BGA88CP50_8X11_493X613X75B25","https://www.onsemi.com/pub/Collateral/NOIP1SN0480A-D.PDF","","","Image Sensor PYTHON480 808H x 608V BW","NOIP1SP0480A-STI","","","","","OEPS080071","",""
"","","U9","LMV321IDCKR","Miniscope-v4-Wire-Free-rescue:LMV321IDCKR-.Opamp",".Package_SOT:SOT_23-5P65_210X110L36X22L","http://www.ti.com/lit/ds/symlink/lmv324.pdf","","","OPAMP GP 1 CIRCUIT (OEPS J05 030)","LMV321IDCKR","","","","","OEPS080068","",""
"","","Y2","XTAL 32.7680KHZ","Device:Crystal","Crystal:Crystal_SMD_MicroCrystal_CC8V-T1A-2Pin_2.0x1.2mm","~","","","Crystal 32768 KHz ±50ppm 12.5pF 90kOhms","9HT11-32.768KBZF-T","","","","","OEPS100051","",""



"Collated Components:"

"Item","Qty","Reference(s)","Value","LibPart","Footprint","Datasheet","Allied Price/Stock","Allied_Number","Description","MPN","Manufacturer_Name","Manufacturer_Part_Number","Mouser Part Number","Mouser Price/Stock","OEPS PN","RS Part Number","RS Price/Stock"
"1","9","C1, C2, C6, C7, C26, C35, C50, C51, C52","10uF","Miniscope-v4-Wire-Free-rescue:C_Small-.Device",".Capacitor:C_0402_1005Metric_L","","","","SMD CER 0402 10uF 10V ±20% X5R (OEPS M01 014)","CL05A106MP5NUNC","","","","","OEPS010038","",""
"2","2","C3, C4","10pF","Miniscope-v4-Wire-Free-rescue:C_Small-.Device",".Capacitor:C_0201_0603Metric_L","","","","SMD CER 0201 10pF 50V ±5% C0G","GRM0335C1H100JA01J","","","","","OEPS010060","",""
"3","5","C5, C11, C12, C13, C15","2.2uF","Miniscope-v4-Wire-Free-rescue:C_Small-.Device",".Capacitor:C_0201_0603Metric_L","","","","SMD CER 0201 2.2uF 10V ±20% X5R (OEPS J05 004A)","CM03X5R225M10AH","","","","","OEPS010042","",""
"4","22","C9, C10, C19, C22, C23, C24, C25, C27, C28, C30, C38, C40, C41, C42, C43, C44, C45, C46, C47, C48, C49, C53","0.1uF","Miniscope-v4-Wire-Free-rescue:C_Small-.Device",".Capacitor:C_0201_0603Metric_L","","","","SMD CER 0201 100nF 25V ±10% X5R (OEPS M01 007)","GRM033R61E104KE14J","","","","","OEPS010035","",""
"5","2","C14, C37","1uF","Miniscope-v4-Wire-Free-rescue:C_Small-.Device",".Capacitor:C_0201_0603Metric_L","","","","SMD CER 0201 1uF 16V ±20% X5R (OEPS M01 009)","CL03A105MO3NRNH","","","","","OEPS010036","",""
"6","1","C16","4.7nF 100V","Miniscope-v4-Wire-Free-rescue:C_Small-.Device",".Capacitor:C_0603_1608Metric_L","","","","SMD CER 0603 4.7nF 100V ±10% X7R","885012206112","","","","","OEPS010014","",""
"7","3","C17, C29, C36","4.7uF","Miniscope-v4-Wire-Free-rescue:C_Small-.Device",".Capacitor:C_0201_0603Metric_L","","","","SMD CER 0201 4.7UF 6.3V ±20%  X5R","GRM035R60J475ME15D","","","","","OEPS010065","",""
"8","2","C18, C20","22pF","Miniscope-v4-Wire-Free-rescue:C_Small-.Device",".Capacitor:C_0201_0603Metric_L","","","","SMD CER 0201 27pF 50V ±2% C0G, NP0","GRM0335C1H270GA01D","","","","","OEPS010029","",""
"9","1","D1","LXZ1-PR01","Miniscope-v4-Wire-Free-rescue:LXZ1-PR01-.LED",".LED:LED_LXZ1_PR01_L","https://www.lumileds.com/uploads/415/DS105-pdf","","","LED SMD Blue 450nm 500mA (OEPS J05 012)","LXZ1-PR01","","","","","OEPS030021","",""
"10","2","D2, D3","LTST-C191KEKT","Miniscope-v4-Wire-Free-rescue:LED_Small_ALT-.Device",".LED:LED_SC80X160X65L40L","","","","LED SMD Red 624nm 20mA","LTST-C191KEKT","","","","","OEPS030029","",""
"11","1","J1","0475710001","Miniscope-v4-Wire-Free-rescue:0475710001-.Connector",".Connector:0475710001","https://www.molex.com/pdm_docs/sd/475710001_sd.pdf","","","CONN MICRO SD CARD PUSH-PULL R/A","0475710001","","","","","OEPS070078","",""
"12","1","J2","DNP","Connector_Generic:Conn_01x04",".Connector:1x4_USB","~","","","n.a.","n.a.","","","","","n.a.","",""
"13","1","J3","Conn_01x04","Connector_Generic:Conn_01x04",".Connector:FH19C-4S-0.5SH(10)","~","","","CONN FFC BOTTOM 4POS 0.5MM R/A","FH19C-4S-0.5SH(10)","","","","","OEPS070077","",""
"14","23","J4, J5, J6, J7, J8, J9, J10, J11, J12, J14, J15, J16, J17, J18, J19, J20, J21, J22, J23, J24, J25, J26, J27","DNP","Connector_Generic:Conn_01x01",".Connector:Conn_1x1_700_Circular_Pad","~","","","n.a.","n.a.","","","","","n.a.","",""
"15","2","L1, L5","10uH","Miniscope-v4-Wire-Free-rescue:L_Small-.Device",".Capacitor:C_0805_2012Metric_L","","","","FIXED IND 10UH 300MA 600mOHM SMD","MLZ1608N100LT000","","","","","OEPS040021","",""
"16","1","L2","4.7uH","Miniscope-v4-Wire-Free-rescue:L_Small-.Device",".Capacitor:C_0805_2012Metric_L","","","","FIXED INDUCTOR SMD 4.7uH 700mA 338mΩ","MLP2012S4R7MT0S1","","","","","OEPS040022","",""
"17","2","L3, L4","BLM18PG471SN1D","Miniscope-v4-Wire-Free-rescue:L_Small-.Device",".Inductor:L_0603_1608Metric_L","","","","FERRITE BEAD SMD 470Ω 1A 200mΩ (OEPS J05 017)","BLM18PG471SN1D","","","","","OEPS040014","",""
"18","1","Q1","NTK3134NT1G","Miniscope-v4-Wire-Free-rescue:NTK3134NT1G-.Transistor",".Transistor:TRXSOFL3P40_120X120X55L29X21L","","http://www.alliedelec.com/on-semiconductor-ntk3134nt1g/70341343/","70341343","MOSFET N-CH 20V 750mA","NTK3134NT1G","ON Semiconductor","NTK3134NT1G","863-NTK3134NT1G","https://www.mouser.com/Search/Refine.aspx?Keyword=863-NTK3134NT1G","OEPS060015","7800649P","http://uk.rs-online.com/web/p/products/7800649P"
"19","1","Q2","MMBT3904LP-7B","Miniscope-v4-Wire-Free-rescue:MMBT3904LP-7B-.Transistor",".Transistor:TRXDFN3_101X61X53L25X15N","https://www.diodes.com/assets/Datasheets/ds31835.pdf","","","BJT NPN 40V 0.2A (OEPS J05 019)","MMBT3904LP-7B","","","","","OEPS060014","",""
"20","2","R1, R17","24.9k","Miniscope-v4-Wire-Free-rescue:R_Small_US-.Device",".Resistor:R_0201_0603Metric_ERJ_L","","","","SMD 0201 24.9kΩ ±1% 0.050W","CRCW020124K9FNED","","","","","OEPS020105","",""
"21","1","R2","1K8","Miniscope-v4-Wire-Free-rescue:R_Small_US-.Device",".Resistor:R_0201_0603Metric_ERJ_L","","","","SMD 0201 1.8kΩ ±1% 0.050W (OEPS J05 024)","ERJ-1GNF1801C","","","","","OEPS020074","",""
"22","1","R3","1.27M","Miniscope-v4-Wire-Free-rescue:R_Small_US-.Device",".Resistor:R_0201_0603Metric_ERJ_L","","","","SMD 0201 1.27MΩ ±1% 0.050W","CRCW02011M27FNED","","","","","OEPS020106","",""
"23","1","R4","2.05M","Miniscope-v4-Wire-Free-rescue:R_Small_US-.Device",".Resistor:R_0201_0603Metric_ERJ_L","","","","SMD 0201 2.05MΩ ±1% 0.050W","CRCW02012M05FNED","","","","","OEPS020107","",""
"24","1","R5","1M","Miniscope-v4-Wire-Free-rescue:R_Small_US-.Device",".Resistor:R_0201_0603Metric_ERJ_L","","","","SMD 0201 1MΩ ±1% 0.050W","CRCW02011M00FNED","","","","","OEPS020108","",""
"25","1","R6","649k","Miniscope-v4-Wire-Free-rescue:R_Small_US-.Device",".Resistor:R_0201_0603Metric_ERJ_L","","","","SMD 0201 649kΩ ±1% 0.050W","RC0201FR-07649KL","","","","","OEPS020109","",""
"26","2","R7, R8","2.2k","Miniscope-v4-Wire-Free-rescue:R_Small_US-.Device",".Resistor:R_0201_0603Metric_ERJ_L","","","","SMD 0201 2.2kΩ ±1% 0.050W","RC0201FR-072K2L","","","","","OEPS020110","",""
"27","1","R9","8.2k","Miniscope-v4-Wire-Free-rescue:R_Small_US-.Device",".Resistor:R_0201_0603Metric_ERJ_L","","","","SMD 0201 8.2kΩ ±1% 0.050W","ERJ-1GNF8201C","","","","","OEPS020111","",""
"28","1","R10","2K","Miniscope-v4-Wire-Free-rescue:R_Small_US-.Device",".Resistor:R_0201_0603Metric_ERJ_L","","","","SMD 0201 2kΩ ±1% 0.050W (OEPS Q20 006, OEPS M01 021)","RC0201FR-072KL","","","","","OEPS020067","",""
"29","2","R11, R19","1K","Miniscope-v4-Wire-Free-rescue:R_Small_US-.Device",".Resistor:R_0201_0603Metric_ERJ_L","","","","SMD 0201 1kΩ ±1% 0.050W (OEPS Q20 008)","RC0201FR-071KL","","","","","OEPS020065","",""
"30","1","R12","DNP","Miniscope-v4-Wire-Free-rescue:R_Small_US-.Device",".Resistor:R_0201_0603Metric_ERJ_L","","","","n.a.","n.a.","","","","","n.a.","",""
"31","1","R13","402k","Miniscope-v4-Wire-Free-rescue:R_Small_US-.Device",".Resistor:R_0201_0603Metric_ERJ_L","","","","SMD 0201 402kΩ ±1% 0.050W","ERJ-1GNF4023C","","","","","OEPS020112","",""
"32","3","R14, R16, R20","100K","Miniscope-v4-Wire-Free-rescue:R_Small_US-.Device",".Resistor:R_0201_0603Metric_ERJ_L","","","","SMD 0201 100kΩ ±1% 0.050W (OEPS J05 022)","ERJ-1GNF1003C","","","","","OEPS020072","",""
"33","1","R15","37.4k","Miniscope-v4-Wire-Free-rescue:R_Small_US-.Device",".Resistor:R_0201_0603Metric_ERJ_L","","","","SMD 0201 37.4kΩ ±1% 0.050W","ERJ-1GNF3742C","","","","","OEPS020113","",""
"34","1","R18","1k8","Miniscope-v4-Wire-Free-rescue:R_Small_US-.Device",".Resistor:R_0201_0603Metric_ERJ_L","","","","SMD 0201 1.8kΩ ±1% 0.050W","ERJ-1GNF1801C","","","","","OEPS020114","",""
"35","1","R21","10K","Miniscope-v4-Wire-Free-rescue:R_Small_US-.Device","Custom:R_0201_0603Metric_ERJ_L","","","","SMD 0201 10kΩ ±1% 0.050W (OEPS J05 021)","ERJ-1GNF1002C","","","","","OEPS020071","",""
"36","1","R22","47k5","Miniscope-v4-Wire-Free-rescue:R_Small_US-.Device","Custom:R_0201_0603Metric_ERJ_L","","","","SMD 0201 47.5kΩ ±1% 0.050W (OEPS J05 025)","ERJ-1GNF4752C","","","","","OEPS020075","",""
"37","1","SW1","TL3780AF330QG","Switch:SW_Push",".Switch:SMD-Switch-3mmx2mm","~","","","SWITCH TACTILE SPST-NO 0.05A 12V","TL3780AF330QG","","","","","OEPS100050","",""
"38","1","U1","LTC3554","Miniscope-v4-Wire-Free-rescue:LTC3554-.Regulator_Switching","Package_DFN_QFN:QFN-20-1EP_3x3mm_P0.4mm_EP1.65x1.65mm","https://www.analog.com/media/en/technical-documentation/data-sheets/355412ff.pdf","","","USB POWER MANAGER","LTC3554EUD#PBF","","","","","OEPS080113","",""
"39","1","U2","HV892","Miniscope-v4-Wire-Free-rescue:HV892-.Driver_ETL",".Package_SON:SON11P65_400X400X80L40X30T315X255L","","","","LED DRIVER LENS","HV892K7-G","","","","","OEPS080111","",""
"40","1","U3","LTC3218","Miniscope-v4-Wire-Free-rescue:LTC3218-.Driver_LED",".Package_SON:SON_11_P50_300X200X80L40X25T239X64L","http://www.linear.com/docs/19518","","","LED Driver 150mA (OEPS J1 022)","LTC3218EDDB#TRMPBF","","","","","OEPS080069","",""
"41","1","U4","MAX13030EEBE+T","Miniscope-v4-Wire-Free-rescue:MAX13030EETE+BGA-.Logic_Level_Translator","Package_BGA:BGA-16_1.92x1.92mm_Layout4x4_P0.5mm","https://datasheets.maximintegrated.com/en/ds/MAX13030E-MAX13035E.pdf","","","IC TRANSLTR BIDIRECTIONAL 16UCSP","MAX13030EEBE+T","","","","","OEPS080114","",""
"42","1","U5","TSOP57438TT1","Miniscope-v4-Wire-Free-rescue:TSOP57438TT1-.IR_Receiver",".Package_SON:SON_4_P300_395X395X90L55X35L","","","","IR Receiver Sensor 38.0kHz 40m Surface Mount","TSOP57438TT1","","","","","OEPS J1 008","",""
"43","1","U6","ATSAMD51J20A","Miniscope-v4-Wire-Free-rescue:ATSAMD51J20A-UUT-EFP-.SAMD51",".Package_BGA:ATSAMD51J20A-UUT-EFP","","","","MCU 120MHZ 1024KB FLASH 64","ATSAMD51J20A-UUT-EFP","","","","","OEPS080115","",""
"44","1","U7","NCP163AMX330TBG","Miniscope-v4-Wire-Free-rescue:MCP1711-.Regulator_Linear",".Package_QFN:UQFN_MCP1711","http://ww1.microchip.com/downloads/en/DeviceDoc/20005415D.pdf","","","LDO 3.3V 250mA (OEPS Z00 004)","NCP163AMX330TBG","","","","","OEPS080076","",""
"45","1","U8","NOIP1SP0480A-STI","Miniscope-v4-Wire-Free-rescue:NOIP1SN0480A-.Image_Sensor",".Package_BGA:BGA88CP50_8X11_493X613X75B25","https://www.onsemi.com/pub/Collateral/NOIP1SN0480A-D.PDF","","","Image Sensor PYTHON480 808H x 608V BW","NOIP1SP0480A-STI","","","","","OEPS080071","",""
"46","1","U9","LMV321IDCKR","Miniscope-v4-Wire-Free-rescue:LMV321IDCKR-.Opamp",".Package_SOT:SOT_23-5P65_210X110L36X22L","http://www.ti.com/lit/ds/symlink/lmv324.pdf","","","OPAMP GP 1 CIRCUIT (OEPS J05 030)","LMV321IDCKR","","","","","OEPS080068","",""
"47","1","Y2","XTAL 32.7680KHZ","Device:Crystal","Crystal:Crystal_SMD_MicroCrystal_CC8V-T1A-2Pin_2.0x1.2mm","~","","","Crystal 32768 KHz ±50ppm 12.5pF 90kOhms","9HT11-32.768KBZF-T","","","","","OEPS100051","",""
